-- -------------------------------------------------------------
-- TablePlus 2.8.2(256)
--
-- https://tableplus.com/
--
-- Database: murder-mystery.db
-- Generation Time: 2019-11-12 15:08:57.2990
-- -------------------------------------------------------------


CREATE TABLE description (
	id INT,
	hair_color VARCHAR(50),
	eye_color VARCHAR(50)
);

CREATE TABLE interviews (
	person_id INT,
	interview TEXT
);

CREATE TABLE persons (
id INT,
name VARCHAR(50),
allergies VARCHAR(12),
class_id VARCHAR(4)
);

CREATE TABLE previous_crimes (
	id INT,
	lunch_theft VARCHAR(50),
	plagiarism VARCHAR(50),
	skipping_school VARCHAR(50)
);

CREATE TABLE schedule (
	id INT,
	lunch_start VARCHAR(50),
	lunch_end VARCHAR(50),
	floor INT
);

INSERT INTO "description" ("id", "hair_color", "eye_color") VALUES ('1', NULL, 'Pink'),
('2', 'Green', 'Violet'),
('3', 'Teal', 'Puce'),
('4', NULL, 'Red'),
('5', 'Blue', 'Green'),
('6', 'Violet', 'Maroon'),
('7', 'Indigo', 'Teal'),
('8', 'Pink', 'Indigo'),
('9', 'Crimson', 'Aquamarine'),
('10', 'Brown', 'Blue'),
('11', 'Indigo', 'Turquoise'),
('12', 'Green', 'Green'),
('13', NULL, 'Khaki'),
('14', 'Maroon', 'Goldenrod'),
('15', 'Maroon', 'Orange'),
('16', 'Orange', 'Fuscia'),
('17', 'Pink', 'Teal'),
('18', NULL, 'Red'),
('19', 'Maroon', 'Violet'),
('20', NULL, 'Crimson'),
('21', 'Yellow', 'Orange'),
('22', 'Brown', 'Indigo'),
('23', 'Orange', 'Aquamarine'),
('24', 'Teal', 'Red'),
('25', 'Green', 'Purple'),
('26', 'Blue', 'Red'),
('27', NULL, 'Yellow'),
('28', 'Fuscia', 'Purple'),
('29', 'Aquamarine', 'Turquoise'),
('30', 'Puce', 'Fuscia'),
('31', 'Puce', 'Khaki'),
('32', 'Purple', 'Maroon'),
('33', 'Violet', 'Turquoise'),
('34', 'Turquoise', 'Turquoise'),
('35', 'Goldenrod', 'Pink'),
('36', 'Teal', 'Aquamarine'),
('37', 'Yellow', 'Maroon'),
('38', 'Orange', 'Goldenrod'),
('39', 'Crimson', 'Puce'),
('40', 'Goldenrod', 'Teal'),
('41', NULL, 'Purple'),
('42', 'Khaki', 'Pink'),
('43', 'Teal', 'Violet'),
('44', NULL, 'Crimson'),
('45', 'Puce', 'Indigo'),
('46', 'Yellow', 'Crimson'),
('47', 'Puce', 'Puce'),
('48', 'Indigo', 'Indigo'),
('49', 'Puce', 'Crimson'),
('50', 'Violet', 'Purple'),
('51', 'Turquoise', 'Fuscia'),
('52', NULL, 'Goldenrod'),
('53', 'Orange', 'Aquamarine'),
('54', 'Crimson', 'Goldenrod'),
('55', 'Puce', 'Puce'),
('56', 'Crimson', 'Purple'),
('57', 'Red', 'Mauv'),
('58', 'Green', 'Red'),
('59', 'Teal', 'Fuscia'),
('60', 'Aquamarine', 'Puce'),
('61', NULL, 'Puce'),
('62', 'Red', 'Red'),
('63', 'Teal', 'Teal'),
('64', NULL, 'Fuscia'),
('65', 'Puce', 'Blue'),
('66', 'Turquoise', 'Red'),
('67', 'Maroon', 'Indigo'),
('68', 'Blue', 'Pink'),
('69', 'Turquoise', 'Fuscia'),
('70', 'Crimson', 'Yellow'),
('71', 'Blue', 'Blue'),
('72', 'Aquamarine', 'Turquoise'),
('73', 'Blue', 'Aquamarine'),
('74', 'Maroon', 'Orange'),
('75', 'Blue', 'Green'),
('76', 'Orange', 'Maroon'),
('77', 'Purple', 'Teal'),
('78', 'Crimson', 'Maroon'),
('79', 'Indigo', 'Khaki'),
('80', 'Maroon', 'Teal'),
('81', 'Violet', 'Teal'),
('82', 'Indigo', 'Violet'),
('83', 'Aquamarine', 'Aquamarine'),
('84', 'Mauv', 'Purple'),
('85', 'Crimson', 'Turquoise'),
('86', NULL, 'Yellow'),
('87', 'Goldenrod', 'Turquoise'),
('88', 'Orange', 'Maroon'),
('89', 'Goldenrod', 'Aquamarine'),
('90', 'Pink', 'Fuscia'),
('91', NULL, 'Red'),
('92', 'Aquamarine', 'Red'),
('93', 'Yellow', 'Yellow'),
('94', 'Purple', 'Red'),
('95', 'Blue', 'Green'),
('96', 'Indigo', 'Goldenrod'),
('97', NULL, 'Purple'),
('98', 'Mauv', 'Green'),
('99', 'Mauv', 'Goldenrod'),
('100', 'Puce', 'Goldenrod');

INSERT INTO "interviews" ("person_id", "interview") VALUES ('1', 'I was at the toilet so I could not have done it.'),
('2', 'I notied that is was someone from DD18, but I dont know his name.'),
('3', 'I saw someone with yellow eyes eating lunch.'),
('4', 'I ate at the same table with another girl.'),
('5', 'I talked to my classmate at lunch.'),
('6', 'I phoned my girlfriend when I was eating lunch.'),
('7', 'I saw the one who did it but I aint no snitch!'),
('8', 'I had latin class at the time so i could not have done it.'),
('9', 'I was parking my car around lunch.'),
('10', 'Just because I have stolen food before doesn''t mean I''m the thief.'),
('11', 'Dude, I was not even on the second floor.'),
('12', 'I was outside smoking during the entire lunch so my lungs were pretty filled up!'),
('13', 'I was at the store bying snus for my teacher.'),
('14', 'I was involved with another crime at the time.'),
('15', 'I saw someone with brown hair eating pad tai.'),
('16', 'I died my hair at my brother so between 12:15-01:00'),
('17', 'I practiced handstand walk the whole day.'),
('18', 'I was in spain at the time. Gracias'),
('19', 'I practiced Php at Vincent and talked about life in another place.'),
('20', 'I talked to my teacher around lunch.'),
('21', 'I found out that a person with blue eyes had not stolen a lunchbox.'),
('22', 'There are only two persons with brown hair in this school. I refuse to be accused for this shit again. The thief has most likely stolen lunch before.'),
('23', 'The person who did it dit not call me by my name.'),
('24', 'I know the person who did it but i forgot his name.'),
('25', '"Hit me with your best thot", that is a qoute from Quavo in the music group Migos.'),
('26', 'I heard someone in DD18 stole a lunchbox.'),
('27', 'I heard that someone on the second floor stole a precious lunchbox.'),
('28', 'I spilled Glögg on my shirt so I had to buy another one at NK during lunch :('),
('29', 'I talked to Per about cats during lunch.'),
('30', 'I meditated during my lunch and was disturbed by a guy with pink eyes.'),
('31', 'Someone with dark hair ran past me during lunch. '),
('32', 'Someone with pink hair saw someone who stole something.'),
('33', 'I was suspended from school at the time.'),
('34', 'I love stealing food but this time it wasnt me, I wear to god.'),
('35', 'I saw some sketchy people in the lunchroom but I don''t think they stole it.'),
('36', 'Hodor, hodor, hodor, hoooodoor.'),
('37', 'I''m allergic to peanuts...'),
('38', 'Aliquam augue quam, sollicitudin vitae, consectetuer eget, rutrum at, lorem. Integer tincidunt ante vel ipsum. Praesent blandit lacinia erat. Vestibulum sed magna at nunc commodo placerat. Praesent blandit.'),
('39', 'In est risus, auctor sed, tristique in, tempus sit amet, sem.'),
('40', 'I visited my mommy around that time. I heard that someone got their lunch stolen this day.'),
('41', 'Vestibulum quam sapien, varius ut, blandit non, interdum in, ante.'),
('42', 'Praesent blandit lacinia erat. Vestibulum sed magna at nunc commodo placerat. Praesent blandit.'),
('43', 'Praesent blandit lacinia erat.'),
('44', 'Aliquam quis turpis eget elit sodales scelerisque. Mauris sit amet eros.'),
('45', 'Praesent blandit. Nam nulla.'),
('46', 'I saw who the thief ate lunch with. The person had blue hair and red eye color.'),
('47', 'Nam nulla. Integer pede justo, lacinia eget, tincidunt eget, tempus vel, pede. Morbi porttitor lorem id ligula. Suspendisse ornare consequat lectus. In est risus, auctor sed, tristique in, tempus sit amet, sem.'),
('48', 'Sed accumsan felis. Ut at dolor quis odio consequat varius. Integer ac leo. Pellentesque ultrices mattis odio. Donec vitae nisi.'),
('49', 'Donec posuere metus vitae ipsum. Aliquam non mauris. Morbi non lectus. Aliquam sit amet diam in magna bibendum imperdiet. Nullam orci pede, venenatis non, sodales sed, tincidunt eu, felis.'),
('50', 'I noticed someone with blue eyes sneaking around with a lunchbox in their hand between 12:30 and 01:15 ');

INSERT INTO "persons" ("id", "name", "allergies", "class_id") VALUES ('1', 'Marcelle Creeboe', NULL, 'DD18'),
('2', 'Falkner Ashcroft', NULL, 'WU18'),
('3', 'Benny Moreby', NULL, 'DD18'),
('4', 'Janot Boydell', 'stones', 'WU18'),
('5', 'Gene Gabbett', NULL, 'WU18'),
('6', 'Sumner Fawbert', NULL, 'DD19'),
('7', 'Kellby Jagoe', NULL, 'DD19'),
('8', 'Booth Palliser', NULL, 'WU18'),
('9', 'Hetty Pinare', NULL, 'DD19'),
('10', 'Kenn Jeens', NULL, 'DD18'),
('11', 'Lilyan Tanswell', NULL, 'DD18'),
('12', 'Dorris Bugby', 'stones', 'WU19'),
('13', 'Rachele Ong', NULL, 'DD19'),
('14', 'Jolie Smewings', NULL, 'DD19'),
('15', 'Ursuline Titmarsh', 'peanuts', 'DD18'),
('16', 'Alvis Cadwell', NULL, 'DD19'),
('17', 'Theressa Szapiro', NULL, 'DD19'),
('18', 'Gerardo Hazard', NULL, 'WU18'),
('19', 'Rozella Aronstein', NULL, 'WU19'),
('20', 'Marice Jakes', NULL, 'WU18'),
('21', 'Lion Glason', 'strawberries', 'WU19'),
('22', 'Brinna MacBarron', NULL, 'WU19'),
('23', 'Amos Scutter', NULL, 'WU19'),
('24', 'Gearard Reen', NULL, 'DD19'),
('25', 'Camille Zarfati', NULL, 'DD19'),
('26', 'Fifi Roose', NULL, 'DD19'),
('27', 'Farr Jenne', 'peanuts', 'WU19'),
('28', 'Dinnie Farress', NULL, 'WU18'),
('29', 'Jaquith Toward', NULL, 'DD19'),
('30', 'Viole Stummeyer', NULL, 'WU19'),
('31', 'Israel Grimwad', NULL, 'WU18'),
('32', 'Abra Seavers', NULL, 'DD19'),
('33', 'Ebony Bemrose', NULL, 'DD19'),
('34', 'Ysabel Lett', NULL, 'DD19'),
('35', 'Ricki Stert', NULL, 'DD19'),
('36', 'Gertrudis Pergens', NULL, 'WU19'),
('37', 'Annalise Launchbury', 'peanuts', 'WU18'),
('38', 'Marijo Symson', NULL, 'DD18'),
('39', 'Zacherie Greeding', 'peanuts', 'WU19'),
('40', 'Ferris Barlas', NULL, 'WU19'),
('41', 'Olav Letchmore', 'strawberries', 'DD18'),
('42', 'Orv Hallard', 'peanuts', 'DD18'),
('43', 'Mallory Gadd', 'peanuts', 'WU19'),
('44', 'Yetty McCrann', 'strawberries', 'WU19'),
('45', 'Andy Vatini', NULL, 'DD18'),
('46', 'Elbertine Demko', NULL, 'WU19'),
('47', 'Cordelia Lever', NULL, 'WU18'),
('48', 'Rube Hayes', NULL, 'WU18'),
('49', 'Imogen Player', NULL, 'DD18'),
('50', 'Benton Skelhorn', NULL, 'DD19'),
('51', 'Dasie Bilovsky', NULL, 'DD18'),
('52', 'Lucilia Lankford', NULL, 'DD18'),
('53', 'Adams Howell', NULL, 'WU18'),
('54', 'Milo Varvara', 'strawberries', 'WU18'),
('55', 'Ardenia Duffan', NULL, 'DD18'),
('56', 'Isaak MacWilliam', NULL, 'WU18'),
('57', 'Filberto Pickerill', 'peanuts', 'WU18'),
('58', 'Pru Jochens', NULL, 'WU18'),
('59', 'Leigha Paskins', NULL, 'DD18'),
('60', 'Fransisco Baudichon', NULL, 'WU18'),
('61', 'Boony Huyton', NULL, 'WU19'),
('62', 'Zahara Ege', NULL, 'WU19'),
('63', 'Franni Speek', 'strawberries', 'WU19'),
('64', 'Irvine Pocock', NULL, 'DD19'),
('65', 'Brunhilda Vallance', 'peanuts', 'DD19'),
('66', 'Paolina Hurran', NULL, 'WU18'),
('67', 'Sharline Guilayn', NULL, 'DD19'),
('68', 'Darda Fardo', 'strawberries', 'WU18'),
('69', 'Rocky Twohig', NULL, 'DD18'),
('70', 'Bernhard Shillitoe', 'strawberries', 'WU19'),
('71', 'Carey Screach', NULL, 'DD18'),
('72', 'Andi Anlay', NULL, 'DD19'),
('73', 'Julissa Whitfield', NULL, 'WU18'),
('74', 'Cheston Froschauer', NULL, 'WU18'),
('75', 'Leah Blanque', 'peanuts', 'DD19'),
('76', 'Corrinne Shivell', 'stones', 'DD18'),
('77', 'Lawry Rolstone', NULL, 'WU18'),
('78', 'Madelaine Acton', 'peanuts', 'WU18'),
('79', 'Bathsheba Kellock', NULL, 'DD18'),
('80', 'Quintin Deniscke', NULL, 'DD19'),
('81', 'Fey Rawcliffe', NULL, 'DD19'),
('82', 'Barron Newarte', NULL, 'WU18'),
('83', 'Garth Tilford', 'strawberries', 'WU18'),
('84', 'Maryanna Gilhooly', NULL, 'DD18'),
('85', 'Nari Nesey', NULL, 'DD19'),
('86', 'Morgan Quickfall', NULL, 'DD19'),
('87', 'Coleen Ziehm', NULL, 'DD18'),
('88', 'Missie Bever', NULL, 'WU18'),
('89', 'Fancy McBay', NULL, 'DD18'),
('90', 'Rosella Burditt', NULL, 'WU18'),
('91', 'Lisabeth Nunnery', NULL, 'WU19'),
('92', 'Rozanna Bevis', NULL, 'WU18'),
('93', 'Gabi Mardoll', NULL, 'DD18'),
('94', 'Dexter MacAndie', NULL, 'WU18'),
('95', 'Maynord Greg', NULL, 'WU19'),
('96', 'Vevay Scobie', NULL, 'WU18'),
('97', 'Dyanna Brislen', NULL, 'WU19'),
('98', 'Isaac Axton', NULL, 'DD18'),
('99', 'Ansell Tichelaar', 'peanuts', 'DD18'),
('100', 'Priscella Orlton', NULL, 'WU18');

INSERT INTO "previous_crimes" ("id", "lunch_theft", "plagiarism", "skipping_school") VALUES ('1', NULL, '1', '0'),
('2', '1', NULL, '1'),
('3', '0', NULL, '1'),
('4', '1', NULL, '0'),
('5', '1', '1', '0'),
('6', '1', '1', '1'),
('7', '0', '0', '0'),
('8', '1', '1', '1'),
('9', '1', NULL, '0'),
('10', '1', '0', '0'),
('11', '1', NULL, '1'),
('12', NULL, NULL, '1'),
('13', '1', '1', '0'),
('14', NULL, '0', '0'),
('15', '0', NULL, '1'),
('16', NULL, '0', '1'),
('17', NULL, '1', '1'),
('18', '1', '1', '1'),
('19', '0', '1', '0'),
('20', '0', '0', '1'),
('21', NULL, NULL, '1'),
('22', '0', '0', '0'),
('23', '0', '0', '0'),
('24', '1', '0', '1'),
('25', NULL, '0', '1'),
('26', NULL, '0', '0'),
('27', NULL, '1', '0'),
('28', '1', '0', NULL),
('29', '1', '0', '1'),
('30', '1', '1', NULL),
('31', '1', '0', '0'),
('32', '0', NULL, '0'),
('33', NULL, NULL, '1'),
('34', '1', '1', '0'),
('35', NULL, '1', '1'),
('36', NULL, NULL, '1'),
('37', NULL, '0', '1'),
('38', NULL, '0', '0'),
('39', '1', '0', '0'),
('40', '0', NULL, '1'),
('41', NULL, '0', '1'),
('42', NULL, NULL, '0'),
('43', '0', '1', '0'),
('44', NULL, NULL, '1'),
('45', NULL, '0', NULL),
('46', NULL, '1', '1'),
('47', '0', NULL, '1'),
('48', NULL, NULL, '0'),
('49', NULL, '0', '1'),
('50', '1', '0', '1'),
('51', '1', NULL, '0'),
('52', NULL, NULL, '1'),
('53', NULL, NULL, '0'),
('54', '1', '0', '1'),
('55', NULL, '0', '1'),
('56', '1', '1', '0'),
('57', '1', '1', '1'),
('58', '0', '1', '0'),
('59', NULL, '1', '0'),
('60', '0', '1', '0'),
('61', NULL, '1', '0'),
('62', '1', '1', '0'),
('63', '1', NULL, '1'),
('64', '0', '1', '1'),
('65', NULL, '0', '0'),
('66', NULL, '0', '0'),
('67', '0', '0', '1'),
('68', '0', '1', '0'),
('69', NULL, '1', '1'),
('70', '0', '0', '0'),
('71', NULL, NULL, '1'),
('72', NULL, NULL, '1'),
('73', '0', NULL, NULL),
('74', '1', '0', '0'),
('75', '0', NULL, '1'),
('76', NULL, NULL, '0'),
('77', '0', NULL, '1'),
('78', '0', NULL, '1'),
('79', NULL, '1', '1'),
('80', NULL, NULL, '0'),
('81', NULL, NULL, '0'),
('82', '0', '1', '0'),
('83', '1', '0', '1'),
('84', '0', '0', NULL),
('85', NULL, NULL, '0'),
('86', '1', '0', '0'),
('87', NULL, '0', '0'),
('88', '0', '1', '1'),
('89', '1', '0', '0'),
('90', NULL, NULL, '0'),
('91', NULL, '1', '1'),
('92', NULL, '0', '1'),
('93', '0', '1', NULL),
('94', NULL, '1', '1'),
('95', '1', NULL, '0'),
('96', NULL, '0', '1'),
('97', NULL, '0', '1'),
('98', NULL, NULL, '0'),
('99', '1', '1', '0'),
('100', '0', '1', NULL);

INSERT INTO "schedule" ("id", "lunch_start", "lunch_end", "floor") VALUES ('1', '1:07 PM', '2:35 PM', '3'),
('2', '12:49 PM', '2:35 PM', '1'),
('3', '12:51 PM', '1:03 PM', '3'),
('4', '12:16 PM', '1:13 PM', '1'),
('5', '12:41 PM', '12:47 PM', '1'),
('6', '12:26 PM', '1:23 PM', '1'),
('7', '12:58 PM', '2:25 PM', '2'),
('8', '12:10 PM', '1:08 PM', '2'),
('9', '12:47 PM', '1:05 PM', '3'),
('10', '12:35 PM', '01:35 PM', '2'),
('11', '12:47 PM', '2:21 PM', '4'),
('12', '12:02 PM', '2:05 PM', '1'),
('13', '12:03 PM', '2:42 PM', '3'),
('14', '1:55 PM', '12:51 PM', '3'),
('15', '12:42 PM', '1:14 PM', '2'),
('16', '1:17 PM', '1:42 PM', '1'),
('17', '12:36 PM', '2:38 PM', '2'),
('18', '12:26 PM', '2:30 PM', '4'),
('19', '1:19 PM', '2:41 PM', '3'),
('20', '12:15 PM', '12:45 PM', '3'),
('21', '1:43 PM', '2:02 PM', '4'),
('22', '12:00 PM', '1:37 PM', '2'),
('23', '1:23 PM', '1:12 PM', '4'),
('24', '1:48 PM', '2:30 PM', '1'),
('25', '1:21 PM', '1:58 PM', '4'),
('26', '12:28 PM', '1:01 PM', '2'),
('27', '1:34 PM', '2:36 PM', '3'),
('28', '1:24 PM', '12:57 PM', '3'),
('29', '1:18 PM', '2:05 PM', '2'),
('30', '1:01 PM', '1:49 PM', '1'),
('31', '12:00 PM', '1:42 PM', '3'),
('32', '12:56 PM', '2:34 PM', '4'),
('33', '12:37 PM', '1:18 PM', '3'),
('34', '1:56 PM', '1:05 PM', '3'),
('35', '1:10 PM', '1:11 PM', '4'),
('36', '1:26 PM', '1:55 PM', '2'),
('37', '12:28 PM', '2:05 PM', '1'),
('38', '12:52 PM', '12:45 PM', '4'),
('39', '1:25 PM', '2:36 PM', '4'),
('40', '12:09 PM', '12:51 PM', '1'),
('41', '1:26 PM', '2:39 PM', '2'),
('42', '1:09 PM', '2:14 PM', '1'),
('43', '12:59 PM', '1:02 PM', '1'),
('44', '12:57 PM', '12:46 PM', '4'),
('45', '1:11 PM', '1:13 PM', '3'),
('46', '12:12 PM', '2:26 PM', '2'),
('47', '12:36 PM', '2:00 PM', '3'),
('48', '1:57 PM', '12:46 PM', '1'),
('49', '1:37 PM', '1:21 PM', '4'),
('50', '12:44 PM', '1:42 PM', '1'),
('51', '12:54 PM', '1:53 PM', '1'),
('52', '12:37 PM', '12:59 PM', '1'),
('53', '1:29 PM', '2:37 PM', '4'),
('54', '12:23 PM', '1:35 PM', '2'),
('55', '12:19 PM', '2:16 PM', '4'),
('56', '1:30 PM', '12:55 PM', '4'),
('57', '12:34 PM', '2:22 PM', '1'),
('58', '1:02 PM', '1:59 PM', '2'),
('59', '12:10 PM', '12:54 PM', '1'),
('60', '1:08 PM', '2:22 PM', '3'),
('61', '1:16 PM', '1:02 PM', '3'),
('62', '12:39 PM', '1:21 PM', '1'),
('63', '12:50 PM', '1:04 PM', '4'),
('64', '1:13 PM', '1:29 PM', '4'),
('65', '12:25 PM', '2:39 PM', '2'),
('66', '1:22 PM', '2:17 PM', '3'),
('67', '1:48 PM', '2:06 PM', '4'),
('68', '12:42 PM', '1:26 PM', '3'),
('69', '1:26 PM', '2:11 PM', '2'),
('70', '1:59 PM', '12:48 PM', '1'),
('71', '12:47 PM', '1:22 PM', '1'),
('72', '1:05 PM', '2:40 PM', '1'),
('73', '12:59 PM', '1:06 PM', '4'),
('74', '12:44 PM', '1:56 PM', '3'),
('75', '1:47 PM', '1:53 PM', '3'),
('76', '12:43 PM', '1:20 PM', '1'),
('77', '12:02 PM', '12:52 PM', '1'),
('78', '12:24 PM', '2:41 PM', '2'),
('79', '1:19 PM', '1:17 PM', '1'),
('80', '1:06 PM', '1:06 PM', '4'),
('81', '12:16 PM', '2:37 PM', '2'),
('82', '12:10 PM', '1:44 PM', '3'),
('83', '1:11 PM', '1:52 PM', '2'),
('84', '1:40 PM', '1:42 PM', '2'),
('85', '12:32 PM', '2:40 PM', '3'),
('86', '12:19 PM', '2:08 PM', '1'),
('87', '12:38 PM', '1:49 PM', '2'),
('88', '1:53 PM', '2:31 PM', '1'),
('89', '1:57 PM', '2:14 PM', '4'),
('90', '12:47 PM', '1:14 PM', '2'),
('91', '1:42 PM', '1:11 PM', '1'),
('92', '1:15 PM', '2:36 PM', '2'),
('93', '1:10 PM', '2:08 PM', '3'),
('94', '1:26 PM', '1:31 PM', '2'),
('95', '1:28 PM', '1:31 PM', '3'),
('96', '1:51 PM', '1:59 PM', '4'),
('97', '1:39 PM', '2:40 PM', '1'),
('98', '1:39 PM', '1:39 PM', '2'),
('99', '12:32 PM', '1:21 PM', '1'),
('100', '1:56 PM', '2:08 PM', '3');


